-- ============================================================
-- EduManagePro UUID Seeding Script
-- Run AFTER schema.sql. Populates all custom tables with
-- deterministic UUID relationships.
-- ============================================================

-- Clean up existing data first
TRUNCATE TABLE audit_logs, notifications, doubts, wellness_records, placement_scores,
               placement_companies, content, notices, grievances, attendance_summary,
               attendance_records, leave_requests, lecture_changes, timetable,
               marks, enrollments, subjects, class_sections, hod, faculty, students,
               semesters, departments, users CASCADE;

-- ============================================================
-- 1. SEED DEPARTMENTS
-- ============================================================
INSERT INTO departments (department_id, name, code) VALUES
('d0000000-0000-0000-0000-000000000001', 'Computer Science',            'CS'),
('d0000000-0000-0000-0000-000000000002', 'Electronics & Communication',  'EC'),
('d0000000-0000-0000-0000-000000000003', 'Mechanical Engineering',       'ME'),
('d0000000-0000-0000-0000-000000000004', 'Civil Engineering',            'CE'),
('d0000000-0000-0000-0000-000000000005', 'Business Administration',       'MBA');

-- ============================================================
-- 2. SEED SEMESTERS
-- ============================================================
INSERT INTO semesters (semester_id, number, academic_year, start_date, end_date, is_active) VALUES
('e0000000-0000-0000-0000-000000000001', 1, '2024-25', '2024-07-01', '2024-11-30', false),
('e0000000-0000-0000-0000-000000000002', 2, '2024-25', '2024-12-01', '2025-04-30', false),
('e0000000-0000-0000-0000-000000000003', 3, '2024-25', '2024-07-01', '2024-11-30', false),
('e0000000-0000-0000-0000-000000000004', 4, '2024-25', '2024-12-01', '2025-04-30', false),
('e0000000-0000-0000-0000-000000000005', 5, '2024-25', '2024-07-01', '2024-11-30', true),
('e0000000-0000-0000-0000-000000000006', 6, '2024-25', '2024-12-01', '2025-04-30', true),
('e0000000-0000-0000-0000-000000000007', 7, '2024-25', '2024-07-01', '2024-11-30', false),
('e0000000-0000-0000-0000-000000000008', 8, '2024-25', '2024-12-01', '2025-04-30', false);

-- ============================================================
-- 3. SEED USERS
-- ============================================================
INSERT INTO users (id, email, username, password_hash, role) VALUES
-- Admin
('a0000000-0000-0000-0000-000000000001', 'admin@college.edu', 'admin', 'admin123', 'admin'),

-- Faculty Users
('f0000000-0000-0000-0000-000000000001', 'rajesh.kumar@college.edu', 'rajesh.kumar', 'faculty123', 'faculty'),
('f0000000-0000-0000-0000-000000000002', 'priya.sharma@college.edu', 'priya.sharma', 'faculty123', 'faculty'),
('f0000000-0000-0000-0000-000000000003', 'amit.singh@college.edu',   'amit.singh',   'faculty123', 'faculty'),
('f0000000-0000-0000-0000-000000000004', 'sunita.patel@college.edu', 'sunita.patel', 'faculty123', 'faculty'),
('f0000000-0000-0000-0000-000000000005', 'rohit.gupta@college.edu',  'rohit.gupta',  'faculty123', 'hod'),
('f0000000-0000-0000-0000-000000000006', 'meena.joshi@college.edu',  'meena.joshi',  'faculty123', 'faculty'),

-- Student Users
('s0000000-0000-0000-0000-000000000001', 'arjun.verma@student.college.edu',    'arjun.verma',    'student123', 'student'),
('s0000000-0000-0000-0000-000000000002', 'priya.mehta@student.college.edu',    'priya.mehta',    'student123', 'student'),
('s0000000-0000-0000-0000-000000000003', 'rahul.shah@student.college.edu',     'rahul.shah',     'student123', 'student'),
('s0000000-0000-0000-0000-000000000004', 'ananya.iyer@student.college.edu',    'ananya.iyer',    'student123', 'student'),
('s0000000-0000-0000-0000-000000000005', 'vikram.rao@student.college.edu',     'vikram.rao',     'student123', 'student'),
('s0000000-0000-0000-0000-000000000006', 'sneha.kapoor@student.college.edu',   'sneha.kapoor',   'student123', 'student'),
('s0000000-0000-0000-0000-000000000007', 'karan.malhotra@student.college.edu', 'karan.malhotra', 'student123', 'student'),
('s0000000-0000-0000-0000-000000000008', 'divya.singh@student.college.edu',    'divya.singh',    'student123', 'student'),
('s0000000-0000-0000-0000-000000000009', 'aditya.kumar@student.college.edu',   'aditya.kumar',   'student123', 'student'),
('s0000000-0000-0000-0000-000000000010', 'riya.patel@student.college.edu',     'riya.patel',     'student123', 'student'),
('s0000000-0000-0000-0000-000000000011', 'sanjay.gupta@student.college.edu',   'sanjay.gupta',   'student123', 'student'),
('s0000000-0000-0000-0000-000000000012', 'pooja.sharma@student.college.edu',   'pooja.sharma',   'student123', 'student'),
('s0000000-0000-0000-0000-000000000013', 'nikhil.joshi@student.college.edu',   'nikhil.joshi',   'student123', 'student'),
('s0000000-0000-0000-0000-000000000014', 'kavita.reddy@student.college.edu',   'kavita.reddy',   'student123', 'student'),
('s0000000-0000-0000-0000-000000000015', 'amit.tiwari@student.college.edu',    'amit.tiwari',    'student123', 'student'),
('s0000000-0000-0000-0000-000000009999', 'rushi@lju.edu.in',                   'rushi',          'rushi123',   'student');

-- ============================================================
-- 4. SEED FACULTY PROFILES
-- ============================================================
INSERT INTO faculty (faculty_id, user_id, employee_id, first_name, last_name, department_id) VALUES
('fa000000-0000-0000-0000-000000000001', 'f0000000-0000-0000-0000-000000000001', 'F001', 'Rajesh', 'Kumar', 'd0000000-0000-0000-0000-000000000001'),
('fa000000-0000-0000-0000-000000000002', 'f0000000-0000-0000-0000-000000000002', 'F002', 'Priya', 'Sharma', 'd0000000-0000-0000-0000-000000000001'),
('fa000000-0000-0000-0000-000000000003', 'f0000000-0000-0000-0000-000000000003', 'F003', 'Amit', 'Singh', 'd0000000-0000-0000-0000-000000000002'),
('fa000000-0000-0000-0000-000000000004', 'f0000000-0000-0000-0000-000000000004', 'F004', 'Sunita', 'Patel', 'd0000000-0000-0000-0000-000000000003'),
('fa000000-0000-0000-0000-000000000005', 'f0000000-0000-0000-0000-000000000005', 'F005', 'Rohit', 'Gupta', 'd0000000-0000-0000-0000-000000000004'),
('fa000000-0000-0000-0000-000000000006', 'f0000000-0000-0000-0000-000000000006', 'F006', 'Meena', 'Joshi', 'd0000000-0000-0000-0000-000000000005');

-- ============================================================
-- 5. SEED HOD PROFILES & UPDATE DEPARTMENTS
-- ============================================================
INSERT INTO hod (hod_id, user_id, department_id) VALUES
('h0000000-0000-0000-0000-000000000001', 'f0000000-0000-0000-0000-000000000005', 'd0000000-0000-0000-0000-000000000001');

UPDATE departments SET hod_id = 'h0000000-0000-0000-0000-000000000001' WHERE code = 'CS';

-- ============================================================
-- 6. SEED STUDENTS
-- ============================================================
INSERT INTO students (student_id, user_id, enrollment_no, first_name, last_name, date_of_birth, parent_email, parent_phone, department_id, current_semester_id) VALUES
('st000000-0000-0000-0000-000000000001', 's0000000-0000-0000-0000-000000000001', 'CSS001', 'Arjun', 'Verma', '2004-05-14', 'verma@parent.edu', '9876520001', 'd0000000-0000-0000-0000-000000000001', 'e0000000-0000-0000-0000-000000000005'),
('st000000-0000-0000-0000-000000000002', 's0000000-0000-0000-0000-000000000002', 'CSS002', 'Priya', 'Mehta', '2005-08-20', 'mehta@parent.edu', '9876520002', 'd0000000-0000-0000-0000-000000000001', 'e0000000-0000-0000-0000-000000000003'),
('st000000-0000-0000-0000-000000000003', 's0000000-0000-0000-0000-000000000003', 'CSS003', 'Rahul', 'Shah', '2006-11-25', 'shah@parent.edu', '9876520003', 'd0000000-0000-0000-0000-000000000001', 'e0000000-0000-0000-0000-000000000001'),
('st000000-0000-0000-0000-000000000004', 's0000000-0000-0000-0000-000000000004', 'CSS004', 'Ananya', 'Iyer', '2003-01-30', 'iyer@parent.edu', '9876520004', 'd0000000-0000-0000-0000-000000000001', 'e0000000-0000-0000-0000-000000000007'),
('st000000-0000-0000-0000-000000000005', 's0000000-0000-0000-0000-000000000005', 'CSS005', 'Vikram', 'Rao', '2005-09-02', 'rao@parent.edu', '9876520005', 'd0000000-0000-0000-0000-000000000001', 'e0000000-0000-0000-0000-000000000004'),
('st000000-0000-0000-0000-000000000006', 's0000000-0000-0000-0000-000000000006', 'ECS006', 'Sneha', 'Kapoor', '2004-06-12', 'kapoor@parent.edu', '9876520006', 'd0000000-0000-0000-0000-000000000002', 'e0000000-0000-0000-0000-000000000005'),
('st000000-0000-0000-0000-000000000007', 's0000000-0000-0000-0000-000000000007', 'ECS007', 'Karan', 'Malhotra', '2006-03-24', 'malhotra@parent.edu', '9876520007', 'd0000000-0000-0000-0000-000000000002', 'e0000000-0000-0000-0000-000000000002'),
('st000000-0000-0000-0000-000000000008', 's0000000-0000-0000-0000-000000000008', 'MES008', 'Divya', 'Singh', '2005-02-18', 'singh@parent.edu', '9876520008', 'd0000000-0000-0000-0000-000000000003', 'e0000000-0000-0000-0000-000000000003'),
('st000000-0000-0000-0000-000000000009', 's0000000-0000-0000-0000-000000000009', 'MES009', 'Aditya', 'Kumar', '2004-10-09', 'kumar@parent.edu', '9876520009', 'd0000000-0000-0000-0000-000000000003', 'e0000000-0000-0000-0000-000000000006'),
('st000000-0000-0000-0000-000000000010', 's0000000-0000-0000-0000-000000000010', 'CES010', 'Riya', 'Patel', '2006-07-28', 'patel@parent.edu', '9876520010', 'd0000000-0000-0000-0000-000000000004', 'e0000000-0000-0000-0000-000000000001'),
('st000000-0000-0000-0000-000000000011', 's0000000-0000-0000-0000-000000000011', 'MBAS011', 'Sanjay', 'Gupta', '2005-04-12', 'gupta@parent.edu', '9876520011', 'd0000000-0000-0000-0000-000000000005', 'e0000000-0000-0000-0000-000000000004'),
('st000000-0000-0000-0000-000000000012', 's0000000-0000-0000-0000-000000000012', 'CSS012', 'Pooja', 'Sharma', '2003-08-15', 'sharma@parent.edu', '9876520012', 'd0000000-0000-0000-0000-000000000001', 'e0000000-0000-0000-0000-000000000007'),
('st000000-0000-0000-0000-000000000013', 's0000000-0000-0000-0000-000000000013', 'CSS013', 'Nikhil', 'Joshi', '2006-12-05', 'joshi@parent.edu', '9876520013', 'd0000000-0000-0000-0000-000000000001', 'e0000000-0000-0000-0000-000000000002'),
('st000000-0000-0000-0000-000000000014', 's0000000-0000-0000-0000-000000000014', 'ECS014', 'Kavita', 'Reddy', '2004-09-17', 'reddy@parent.edu', '9876520014', 'd0000000-0000-0000-0000-000000000002', 'e0000000-0000-0000-0000-000000000005'),
('st000000-0000-0000-0000-000000000015', 's0000000-0000-0000-0000-000000000015', 'MES015', 'Amit', 'Tiwari', '2005-01-22', 'tiwari@parent.edu', '9876520015', 'd0000000-0000-0000-0000-000000000003', 'e0000000-0000-0000-0000-000000000004'),
('st000000-0000-0000-0000-000000009999', 's0000000-0000-0000-0000-000000009999', 'CSS016', 'Rushi',  'Patel',  '2005-01-01', 'parent@rushi.edu', '9876529999', 'd0000000-0000-0000-0000-000000000001', 'e0000000-0000-0000-0000-000000000005');

-- ============================================================
-- 7. SEED class_sections
-- ============================================================
INSERT INTO class_sections (section_id, department_id, semester_id, section_name, capacity, created_by_hod) VALUES
('b0000000-0000-0000-0000-000000000001', 'd0000000-0000-0000-0000-000000000001', 'e0000000-0000-0000-0000-000000000005', 'CS-A', 60, 'h0000000-0000-0000-0000-000000000001');

-- ============================================================
-- 8. SEED SUBJECTS
-- ============================================================
INSERT INTO subjects (subject_id, code, name, credits, subject_type, department_id, semester_id, faculty_id) VALUES
('c0000000-0000-0000-0000-000000000001', 'CS101',  'Data Structures & Algorithms', 4, 'theory',    'd0000000-0000-0000-0000-000000000001', 'e0000000-0000-0000-0000-000000000005', 'fa000000-0000-0000-0000-000000000001'),
('c0000000-0000-0000-0000-000000000002', 'CS102',  'Database Management Systems',  3, 'theory',    'd0000000-0000-0000-0000-000000000001', 'e0000000-0000-0000-0000-000000000005', 'fa000000-0000-0000-0000-000000000002'),
('c0000000-0000-0000-0000-000000000003', 'CS201',  'Operating Systems',            4, 'theory',    'd0000000-0000-0000-0000-000000000001', 'e0000000-0000-0000-0000-000000000005', 'fa000000-0000-0000-0000-000000000001'),
('c0000000-0000-0000-0000-000000000004', 'CS202',  'Computer Networks',            3, 'theory',    'd0000000-0000-0000-0000-000000000001', 'e0000000-0000-0000-0000-000000000006', 'fa000000-0000-0000-0000-000000000002'),
('c0000000-0000-0000-0000-000000000005', 'CS301',  'Machine Learning',             4, 'theory',    'd0000000-0000-0000-0000-000000000001', 'e0000000-0000-0000-0000-000000000007', 'fa000000-0000-0000-0000-000000000001'),
('c0000000-0000-0000-0000-000000000006', 'EC101',  'Digital Electronics',          4, 'theory',    'd0000000-0000-0000-0000-000000000002', 'e0000000-0000-0000-0000-000000000005', 'fa000000-0000-0000-0000-000000000003'),
('c0000000-0000-0000-0000-000000000007', 'EC201',  'Signal Processing',            3, 'theory',    'd0000000-0000-0000-0000-000000000002', 'e0000000-0000-0000-0000-000000000005', 'fa000000-0000-0000-0000-000000000003'),
('c0000000-0000-0000-0000-000000000008', 'ME101',  'Thermodynamics',              4, 'theory',    'd0000000-0000-0000-0000-000000000003', 'e0000000-0000-0000-0000-000000000005', 'fa000000-0000-0000-0000-000000000004'),
('c0000000-0000-0000-0000-000000000009', 'ME201',  'Fluid Mechanics',              3, 'theory',    'd0000000-0000-0000-0000-000000000003', 'e0000000-0000-0000-0000-000000000005', 'fa000000-0000-0000-0000-000000000004'),
('c0000000-0000-0000-0000-000000000010', 'CE101',  'Structural Analysis',          4, 'theory',    'd0000000-0000-0000-0000-000000000004', 'e0000000-0000-0000-0000-000000000005', 'fa000000-0000-0000-0000-000000000005'),
('c0000000-0000-0000-0000-000000000011', 'MBA101', 'Marketing Management',        3, 'theory',    'd0000000-0000-0000-0000-000000000005', 'e0000000-0000-0000-0000-000000000005', 'fa000000-0000-0000-0000-000000000006'),
('c0000000-0000-0000-0000-000000000012', 'MBA102', 'Financial Accounting',        3, 'theory',    'd0000000-0000-0000-0000-000000000005', 'e0000000-0000-0000-0000-000000000006', 'fa000000-0000-0000-0000-000000000006');

-- ============================================================
-- 9. SEED ENROLLMENTS
-- ============================================================
INSERT INTO enrollments (student_id, subject_id, semester_id, enrolled_date) VALUES
-- Student 1 (Arjun) enrolled in CS101, CS102, CS201
('st000000-0000-0000-0000-000000000001', 'c0000000-0000-0000-0000-000000000001', 'e0000000-0000-0000-0000-000000000005', '2024-08-01'),
('st000000-0000-0000-0000-000000000001', 'c0000000-0000-0000-0000-000000000002', 'e0000000-0000-0000-0000-000000000005', '2024-08-01'),
('st000000-0000-0000-0000-000000000001', 'c0000000-0000-0000-0000-000000000003', 'e0000000-0000-0000-0000-000000000005', '2024-08-01'),
-- Student 2 (Priya)
('st000000-0000-0000-0000-000000000002', 'c0000000-0000-0000-0000-000000000001', 'e0000000-0000-0000-0000-000000000005', '2024-08-01'),
('st000000-0000-0000-0000-000000000002', 'c0000000-0000-0000-0000-000000000002', 'e0000000-0000-0000-0000-000000000005', '2024-08-01');

-- ============================================================
-- 10. SEED MARKS
-- ============================================================
INSERT INTO marks (student_id, subject_id, semester_id, internal_marks, external_marks, total_marks, grade, grade_points, entered_by) VALUES
('st000000-0000-0000-0000-000000000001', 'c0000000-0000-0000-0000-000000000001', 'e0000000-0000-0000-0000-000000000005', 42.00, 46.00, 88.00, 'A',  9.0, 'f0000000-0000-0000-0000-000000000001'),
('st000000-0000-0000-0000-000000000001', 'c0000000-0000-0000-0000-000000000002', 'e0000000-0000-0000-0000-000000000005', 45.00, 47.00, 92.00, 'O', 10.0, 'f0000000-0000-0000-0000-000000000002'),
('st000000-0000-0000-0000-000000000002', 'c0000000-0000-0000-0000-000000000001', 'e0000000-0000-0000-0000-000000000005', 30.00, 38.00, 68.00, 'B+',  8.0, 'f0000000-0000-0000-0000-000000000001'),
('st000000-0000-0000-0000-000000000003', 'c0000000-0000-0000-0000-000000000001', 'e0000000-0000-0000-0000-000000000005', 18.00, 24.00, 42.00, 'D',  5.0, 'f0000000-0000-0000-0000-000000000001');

-- ============================================================
-- 11. SEED TIMETABLE
-- ============================================================
INSERT INTO timetable (timetable_id, class_section_id, subject_id, faculty_id, day_of_week, start_time, end_time, room_no, academic_year) VALUES
('t0000000-0000-0000-0000-000000000001', 'b0000000-0000-0000-0000-000000000001', 'c0000000-0000-0000-0000-000000000001', 'fa000000-0000-0000-0000-000000000001', 'monday',    '09:00:00', '10:00:00', 'Room 101', '2024-25'),
('t0000000-0000-0000-0000-000000000002', 'b0000000-0000-0000-0000-000000000001', 'c0000000-0000-0000-0000-000000000002', 'fa000000-0000-0000-0000-000000000002', 'tuesday',   '10:00:00', '11:00:00', 'Room 102', '2024-25'),
('t0000000-0000-0000-0000-000000000003', 'b0000000-0000-0000-0000-000000000001', 'c0000000-0000-0000-0000-000000000003', 'fa000000-0000-0000-0000-000000000001', 'wednesday', '11:00:00', '12:00:00', 'Room 201', '2024-25');

-- ============================================================
-- 12. SEED ATTENDANCE RECORDS
-- ============================================================
INSERT INTO attendance_records (student_id, subject_id, lecture_id, date, status, marked_by, ip_address) VALUES
('st000000-0000-0000-0000-000000000001', 'c0000000-0000-0000-0000-000000000001', 't0000000-0000-0000-0000-000000000001', CURRENT_DATE - 1, 'present', 'f0000000-0000-0000-0000-000000000001', '192.168.1.10'),
('st000000-0000-0000-0000-000000000001', 'c0000000-0000-0000-0000-000000000001', 't0000000-0000-0000-0000-000000000001', CURRENT_DATE - 2, 'present', 'f0000000-0000-0000-0000-000000000001', '192.168.1.10'),
('st000000-0000-0000-0000-000000000001', 'c0000000-0000-0000-0000-000000000001', 't0000000-0000-0000-0000-000000000001', CURRENT_DATE - 3, 'absent',  'f0000000-0000-0000-0000-000000000001', '192.168.1.10'),
('st000000-0000-0000-0000-000000000002', 'c0000000-0000-0000-0000-000000000001', 't0000000-0000-0000-0000-000000000001', CURRENT_DATE - 1, 'present', 'f0000000-0000-0000-0000-000000000001', '192.168.1.11');

-- ============================================================
-- 13. SEED ATTENDANCE SUMMARY
-- ============================================================
INSERT INTO attendance_summary (student_id, subject_id, total_lectures, present_count, percentage, is_shortage) VALUES
('st000000-0000-0000-0000-000000000001', 'c0000000-0000-0000-0000-000000000001', 3, 2, 66.67, true),
('st000000-0000-0000-0000-000000000002', 'c0000000-0000-0000-0000-000000000001', 1, 1, 100.00, false);

-- ============================================================
-- 14. SEED GRIEVANCES
-- ============================================================
INSERT INTO grievances (student_id, category, description, status, is_critical, submitted_at) VALUES
('st000000-0000-0000-0000-000000000001', 'facility', 'The Wi-Fi network in Hostel Block A is slow.', 'pending', false, NOW() - INTERVAL '1 day'),
('st000000-0000-0000-0000-000000000002', 'academic', 'Need more practice sessions for DBMS SQL join queries.', 'resolved', false, NOW() - INTERVAL '3 days');

-- ============================================================
-- 15. SEED NOTICES
-- ============================================================
INSERT INTO notices (notice_id, author_id, author_role, title, content, target_audience, priority) VALUES
('n0000000-0000-0000-0000-000000000001', 'a0000000-0000-0000-0000-000000000001', 'admin', 'Mid-Semester Examination Schedule', 'Mid-semester exams start on Nov 15.', 'all', 'high'),
('n0000000-0000-0000-0000-000000000002', 'a0000000-0000-0000-0000-000000000001', 'admin', 'Fee Submission Deadline', 'Please submit pending fees before December 31, 2024.', 'students', 'urgent');

-- ============================================================
-- 16. SEED CONTENT
-- ============================================================
INSERT INTO content (subject_id, faculty_id, content_type, title, topic_tag) VALUES
('c0000000-0000-0000-0000-000000000001', 'fa000000-0000-0000-0000-000000000001', 'video', 'Arrays & Linked Lists - Complete Guide', 'Arrays'),
('c0000000-0000-0000-0000-000000000001', 'fa000000-0000-0000-0000-000000000001', 'note',  'DSA Notes - Unit 1: Linear Data Structures', 'Linear DS');

-- ============================================================
-- 17. SEED PLACEMENT COMPANIES
-- ============================================================
INSERT INTO placement_companies (company_id, name, min_cpi, max_backlogs, min_attendance) VALUES
('pc000000-0000-0000-0000-000000000001', 'Google India', 8.5, 0, 85.00),
('pc000000-0000-0000-0000-000000000002', 'Microsoft',    7.5, 0, 80.00),
('pc000000-0000-0000-0000-000000000003', 'TCS',          6.0, 2, 75.00);

-- ============================================================
-- 18. SEED PLACEMENT SCORES
-- ============================================================
INSERT INTO placement_scores (student_id, cpi_score, attendance_score, backlog_score, extra_score, total_score, category) VALUES
('st000000-0000-0000-0000-000000000001', 32.80, 17.60, 25.00, 15.00, 90.40, 'high'),
('st000000-0000-0000-0000-000000000002', 31.20, 16.40, 25.00, 7.50,  80.10, 'high');

-- ============================================================
-- 19. SEED WELLNESS RECORDS
-- ============================================================
INSERT INTO wellness_records (student_id, encrypted_responses, sentiment_score, status, assessment_date) VALUES
('st000000-0000-0000-0000-000000000001', 'AES_ENCRYPTED_RESPONSES', 78.00, 'healthy', CURRENT_DATE),
('st000000-0000-0000-0000-000000000002', 'AES_ENCRYPTED_RESPONSES', 82.00, 'healthy', CURRENT_DATE);

-- ============================================================
-- 20. SEED DOUBTS
-- ============================================================
INSERT INTO doubts (doubt_id, student_id, subject_id, question, status, assigned_faculty_id, resolution) VALUES
('d0000000-0000-0000-0000-000000000001', 'st000000-0000-0000-0000-000000000001', 'c0000000-0000-0000-0000-000000000001', 'What is BFS/DFS space complexity difference?', 'resolved', 'fa000000-0000-0000-0000-000000000001', 'BFS uses O(V) queue, DFS uses O(H) call stack.');

-- ============================================================
-- 21. SEED FEE STRUCTURES
-- ============================================================
INSERT INTO fee_structures (fee_id, semester_id, program_code, component_name, amount, due_date) VALUES
('fs000000-0000-0000-0000-000000000001', 'e0000000-0000-0000-0000-000000000005', 'CS', 'Tuition Fee', 45000.00, '2024-12-31'),
('fs000000-0000-0000-0000-000000000002', 'e0000000-0000-0000-0000-000000000005', 'CS', 'Exam Fee',     2000.00, '2024-12-31');

-- ============================================================
-- 22. SEED FEE PAYMENTS
-- ============================================================
INSERT INTO fee_payments (student_id, fee_structure_id, amount_paid, payment_date, status, transaction_ref) VALUES
('st000000-0000-0000-0000-000000000001', 'fs000000-0000-0000-0000-000000000001', 45000.00, '2024-10-01', 'paid', 'TXN100002');

-- ============================================================
-- 23. SEED NOTIFICATIONS
-- ============================================================
INSERT INTO notifications (recipient_id, recipient_role, title, body, channel) VALUES
('s0000000-0000-0000-0000-000000000001', 'student', 'Welcome to EduPulse', 'Your account has been set up successfully.', 'in_app');

-- ============================================================
-- 24. SEED LEAVE REQUESTS
-- ============================================================
INSERT INTO leave_requests (leave_id, faculty_id, from_date, to_date, leave_type, reason, status) VALUES
('l0000000-0000-0000-0000-000000000001', 'fa000000-0000-0000-0000-000000000001', CURRENT_DATE + 5, CURRENT_DATE + 5, 'full_day', 'Conference', 'pending');

-- ============================================================
-- 25. SEED LECTURE CHANGES
-- ============================================================
INSERT INTO lecture_changes (timetable_id, change_date, change_type, reason) VALUES
('t0000000-0000-0000-0000-000000000001', CURRENT_DATE + 5, 'cancellation', 'Faculty on conference leave.');

-- ============================================================
-- 26. SEED AUDIT LOGS
-- ============================================================
INSERT INTO audit_logs (actor_id, action, entity_type, entity_id, ip_address) VALUES
('a0000000-0000-0000-0000-000000000001', 'SEED_DATABASE', 'users', 'a0000000-0000-0000-0000-000000000001', '127.0.0.1');
